casilla_id,distrito_fed_17,distrito_fed_12,distrito_loc_17,distrito_loc_12,are,seccion,casilla,tipo_seccion,pri_pvem,pan_na,prd,pt,mc,otros,total,ln,tamano_md,tamano_gd,region,casilla_ex,rural,ln_total
4400,12,12,16,15,12-45,366,B-C,U,181,249,15,9,3,16,473,742,1,0,2,0,0,742
295,1,1,2,2,1-4,334,B-C,R,269,232,4,2,1,11,519,627,0,0,2,0,1,627
2192,4,4,8,8,4-41,823,B-C,U,176,175,17,7,5,15,395,535,1,0,1,0,0,535
4630,8,8,17,15,8-11,2916,B-C,U,99,196,18,18,0,5,336,432,0,0,2,0,0,432
5915,10,10,20,20,10-1,1860,B-C,U,92,181,34,2,6,10,325,554,1,0,2,0,0,554
2032,11,6,21,7,6-39,1618,B-C,U,141,161,10,3,1,12,328,475,0,0,1,0,0,475
733,3,5,3,3,5-24,1701,B-C,U,159,185,5,3,2,8,362,527,1,0,1,0,0,527
202,4,1,1,1,1-95,2396,B-C,R,93,122,4,0,1,7,227,382,0,0,1,0,1,382
1010,3,3,3,4,3-16,1302,B-C,U,145,144,6,3,0,7,305,529,1,0,1,0,0,529
5597,7,11,18,18,11-16,2005,B-C,R,79,127,16,9,0,26,257,663,1,0,1,0,1,663
2552,2,2,9,9,2-8,152,B-C,U,95,130,9,1,3,11,249,391,0,0,2,0,0,391
481,1,1,2,2,1-41,2577,B-C,R,105,163,13,6,2,31,320,672,0,0,2,0,1,672
5857,13,13,19,19,13-86,2871,B-C,R,32,95,49,7,1,12,196,389,1,0,2,0,1,389
256,4,1,1,1,1-77,2425,B-C,R,290,156,13,1,0,18,478,476,0,0,1,0,1,476
4,1,4,1,1,4-3,753,B-C,U,168,217,18,8,5,14,430,736,1,0,1,0,0,736
3169,9,7,13,10,7-88,2716,B-C,R,78,129,13,2,2,7,231,471,0,0,1,0,1,471
3533,9,9,11,12,9-37,949,B-C,U,129,244,7,2,0,0,382,522,1,0,1,0,0,522
2216,4,4,8,8,4-45,835,B-C,U,188,143,27,4,3,16,381,647,1,0,1,0,0,647
4089,8,8,14,13,8-58,2258,B-C,R,54,216,12,5,1,13,301,435,0,0,2,0,1,435
416,1,1,2,2,1-43,2545,B-C,U,154,159,14,8,6,26,367,636,1,0,2,0,0,636
4167,8,8,14,14,8-85,2148,B-C,U,113,155,16,5,4,5,298,409,0,0,2,0,0,409
2967,13,7,13,10,7-29,2100,B-C,R,29,73,74,2,6,31,215,431,0,0,1,0,1,431
5502,7,11,18,18,11-47,1957,B-C,R,91,165,21,0,0,0,277,482,0,0,1,0,1,482
2393,4,4,8,8,4-86,914,B-C,R,100,187,6,1,1,9,304,575,1,0,1,0,1,575
1474,5,5,5,5,5-60,1813,B-C,U,219,244,13,1,1,10,488,634,1,0,1,0,0,634
443,1,1,2,2,1-51,2554,B-C,U,188,205,25,8,2,12,440,677,1,0,2,0,0,677
4489,12,13,15,15,13-3,449,B-C,M,138,242,18,3,2,9,412,531,1,0,2,0,0,531
734,3,5,3,3,5-24,1701,B-C,U,175,162,9,3,4,7,360,526,1,0,1,0,0,526
5454,7,11,18,18,11-39,1928,B-C,U,175,159,9,6,1,10,360,568,1,0,1,0,0,568
5640,13,11,18,19,11-54,917,B-C,U,169,132,43,14,2,14,374,563,1,0,1,0,0,563
2728,1,4,1,9,4-7,760,B-C,U,164,207,11,2,1,10,395,717,1,0,1,0,0,717
1939,6,3,4,7,3-54,1412,B-C,U,129,168,5,8,3,13,326,508,1,0,1,0,0,508
806,5,5,7,3,5-28,1737,B-C,U,141,172,3,2,2,6,326,515,1,0,1,0,0,515
3577,15,9,11,12,9-40,978,B-C,U,172,160,7,2,2,12,355,568,1,0,1,0,0,568
1949,6,3,7,7,3-59,1415,B-C,U,207,203,10,2,3,12,437,663,1,0,1,0,0,663
5394,13,11,10,18,11-85,725,B-C,U,136,145,80,1,3,39,404,635,1,0,1,0,0,635
35,1,4,1,1,4-19,781,B-C,R,83,275,11,2,1,14,386,676,1,0,1,0,1,676
2874,7,7,10,10,7-10,2046,B-C,R,75,213,4,0,0,0,292,606,1,0,1,0,1,606
6285,10,13,19,21,13-41,708,B-C,R,116,138,4,1,1,13,273,552,1,0,2,0,1,552
506,1,1,2,2,1-52,2588,B-C,M,157,131,14,10,4,30,346,543,1,0,2,0,0,543
440,1,1,2,2,1-50,2553,B-C,U,216,186,26,6,4,20,458,706,1,0,2,0,0,706
417,1,1,2,2,1-43,2545,B-C,U,128,143,18,6,7,18,320,635,1,0,2,0,0,635
286,4,1,1,1,1-94,2444,B-C,R,154,165,4,2,1,14,340,558,0,0,1,0,1,558
3264,15,9,12,11,9-57,993,B-C,U,151,141,5,2,1,10,310,525,1,0,1,0,0,525
6150,10,10,20,20,10-86,2991,B-C,R,67,158,2,3,1,9,240,452,0,0,2,0,1,452
2266,4,4,8,8,4-58,861,B-C,U,169,114,17,5,7,5,317,487,0,0,1,0,0,487
2164,11,6,6,7,6-6,1659,B-C,R,172,150,8,2,0,11,343,551,1,0,1,0,1,551
1283,6,3,4,4,3-87,1506,B-C,U,235,97,1,0,1,9,343,564,1,0,1,0,0,564
1728,11,6,6,6,6-70,1594,B-C,U,217,198,18,1,2,17,453,678,1,0,1,0,0,678
6443,10,10,20,21,10-42,2341,B-C,R,53,148,6,0,0,7,214,425,0,0,2,0,1,425
2321,4,4,8,8,4-63,879,B-C,U,203,180,33,4,6,16,442,617,1,0,1,0,0,617
5798,13,13,19,19,13-72,2849,B-C,R,20,94,206,4,2,47,373,734,1,0,2,0,1,734
4993,14,14,22,17,14-39,248,B-C,U,109,268,11,5,63,17,473,667,1,0,2,0,0,667
3970,8,8,14,13,8-71,2180,B-C,U,141,186,11,6,2,9,355,553,1,0,2,0,0,553
4582,12,12,15,15,12-56,531,B-C,R,177,226,21,4,1,12,441,746,1,0,2,0,1,746
1157,6,3,4,4,3-29,1367,B-C,U,177,202,15,4,5,3,406,576,1,0,1,0,0,576
4130,8,8,14,14,8-65,2121,B-C,U,163,168,10,17,7,10,375,673,1,0,2,0,0,673
2107,11,6,21,7,6-26,1642,B-C,U,200,159,7,7,2,16,391,708,0,1,1,0,0,708
3305,15,9,12,11,9-64,1039,B-C,U,193,152,8,4,1,20,378,635,1,0,1,0,0,635
3545,15,9,11,12,9-40,962,B-C,U,118,159,2,0,5,8,292,380,0,0,1,0,0,380
3963,8,8,14,13,8-73,2178,B-C,U,165,126,22,6,2,11,332,648,1,0,2,0,0,648
257,4,1,1,1,1-77,2425,B-C,R,151,73,10,4,3,15,256,475,0,0,1,0,1,475
5570,7,11,18,18,11-8,1989,B-C,U,73,120,9,2,0,8,212,385,0,0,1,0,0,385
1729,11,6,6,6,6-70,1594,B-C,U,230,179,9,2,3,14,437,677,1,0,1,0,0,677
3333,15,9,12,11,9-55,1067,B-C,U,182,213,12,3,2,15,427,692,1,0,1,0,0,692
470,1,1,2,2,1-33,2570,B-C,R,38,36,3,2,2,16,97,172,0,0,2,0,1,172
5638,13,11,18,19,11-53,916,B-C,U,149,221,28,22,7,11,438,649,1,0,1,0,0,649
3152,9,7,13,10,7-85,2701,B-C,R,352,122,0,0,0,0,474,408,0,0,1,0,1,408
1563,5,6,5,5,6-82,1858,B-C,U,150,153,5,0,1,12,321,510,1,0,1,0,0,510
654,3,5,3,3,5-1,1473,B-C,M,202,198,2,1,0,10,413,648,1,0,1,0,0,648
5072,14,14,9,17,14-54,290,B-C,U,132,177,27,6,1,11,354,544,1,0,2,0,0,544
5528,7,11,18,18,11-31,1970,B-C,M,219,120,21,1,0,4,365,550,1,0,1,0,0,550
1070,6,3,7,4,3-30,1323,B-C,U,190,163,5,1,4,4,367,639,1,0,1,0,0,639
3082,7,7,10,10,7-51,2486,B-C,R,159,263,7,1,0,15,445,732,1,0,1,0,1,732
3736,9,9,11,12,9-2,1124,B-C,U,86,273,3,3,3,12,380,733,1,0,1,0,0,733
5414,13,11,10,18,11-82,738,B-C,R,148,196,67,2,0,10,423,622,1,0,1,0,1,622
1688,11,6,6,6,6-54,1568,B-C,U,155,144,6,2,0,6,313,468,0,0,1,0,0,468
3624,15,9,12,12,9-61,1004,B-C,U,187,160,6,2,1,4,360,582,0,0,1,0,0,582
2679,2,2,9,9,2-39,213,B-C,R,65,122,5,5,5,12,214,488,0,0,2,0,1,488
6160,10,10,20,20,10-91,2996,B-C,R,75,123,5,0,0,6,209,441,0,0,2,0,1,441
4626,8,8,17,15,8-10,2914,B-C,M,94,235,22,26,5,6,388,538,1,0,2,0,0,538
3242,15,9,11,11,9-33,960,B-C,U,211,223,6,5,4,8,457,701,1,0,1,0,0,701
6621,14,14,22,22,14-35,138,B-C,U,28,168,60,1,4,20,281,619,1,0,2,0,0,619
4722,12,12,16,16,12-35,345,B-C,U,103,145,25,5,5,15,298,579,1,0,2,0,0,579
4079,8,8,14,13,8-52,2252,B-C,R,57,202,20,0,0,8,287,621,1,0,2,0,1,621
3044,7,7,10,10,7-38,2474,B-C,U,119,275,11,1,2,12,420,608,1,0,1,0,0,608
5919,10,10,20,20,10-2,1862,B-C,U,167,222,31,5,5,12,442,716,0,0,2,0,0,716
3722,9,9,11,12,9-2,1115,B-C,R,117,149,9,3,0,12,290,610,1,0,1,0,1,610
2690,2,2,9,9,2-24,219,B-C,R,115,132,11,7,2,20,287,565,1,0,2,0,1,565
1759,11,6,6,6,6-70,1610,B-C,U,188,158,6,3,0,12,367,586,1,0,1,0,0,586
3033,7,7,10,10,7-41,2470,B-C,U,116,238,8,2,2,7,373,604,1,0,1,0,0,604
5947,10,10,20,20,10-4,1876,B-C,U,76,186,13,0,4,11,290,415,0,0,2,0,0,415
5595,7,11,18,18,11-22,2004,B-C,R,203,178,15,3,2,9,410,689,0,0,1,0,1,689
739,3,5,3,3,5-19,1704,B-C,U,184,190,6,2,3,14,399,495,0,0,1,0,0,495
261,4,1,1,1,1-78,2427,B-C,R,89,155,16,7,4,23,294,500,1,0,1,0,1,500
5680,13,13,19,19,13-46,1185,B-C,U,178,208,18,0,2,7,413,566,1,0,2,0,0,566
1247,3,3,4,4,3-79,1496,B-C,NA,145,131,3,2,0,7,288,746,0,1,1,0,0,746
419,1,1,2,2,1-43,2546,B-C,U,182,131,16,4,9,12,354,546,1,0,2,0,0,546
3275,15,9,12,11,9-58,1009,B-C,U,136,163,4,1,5,10,319,490,0,0,1,0,0,490
1019,3,3,3,4,3-12,1304,B-C,U,166,243,16,3,2,5,435,706,1,0,1,0,0,706
827,5,5,5,3,5-56,1747,B-C,U,163,154,4,5,2,14,342,603,1,0,1,0,0,603
5237,2,2,17,17,2-63,640,B-C,R,130,251,25,4,7,25,442,710,0,0,2,0,1,710
5703,13,13,19,19,13-52,1196,B-C,M,142,201,14,1,4,11,373,582,1,0,2,0,0,582
6245,10,13,19,21,13-33,690,B-C,U,111,153,13,4,1,10,292,517,1,0,2,0,0,517
2361,4,4,8,8,4-79,901,B-C,R,144,188,20,5,1,26,384,697,1,0,1,0,1,697
3349,15,9,12,11,9-46,1077,B-C,U,191,184,9,4,4,5,397,667,1,0,1,0,0,667
4391,12,12,16,15,12-36,362,B-C,U,158,262,23,6,4,9,462,620,1,0,2,0,0,620
4481,12,13,15,15,13-1,437,B-C,U,125,167,13,6,2,6,319,454,0,0,2,0,0,454
3746,9,9,11,12,9-5,1132,B-C,R,96,198,4,4,0,14,316,549,1,0,1,0,1,549
1178,20,3,21,4,3-70,1392,B-C,NA,196,215,15,9,2,11,448,733,0,1,1,0,0,733
4790,12,12,16,16,12-1,404,B-C,U,161,190,17,2,4,16,390,570,0,0,2,0,0,570
4634,8,8,17,15,8-13,2918,B-C,U,149,266,26,20,2,26,489,742,1,0,2,0,0,742
987,3,3,3,4,3-10,1293,B-C,U,176,170,6,2,2,8,364,650,1,0,1,0,0,650
2497,9,7,13,8,7-82,2704,B-C,M,128,208,13,1,0,12,362,683,1,0,1,0,0,683
5508,7,11,18,18,11-34,1961,B-C,R,235,197,13,2,1,9,457,666,0,0,1,0,1,666
2584,2,2,9,9,2-9,164,B-C,U,133,187,4,4,5,11,344,634,1,0,2,0,0,634
4294,8,8,17,14,8-30,2620,S,U,59,98,12,2,2,6,179,0,1,0,2,0,0,179
6244,10,13,19,21,13-32,689,B-C,U,137,157,21,3,1,5,324,579,1,0,2,0,0,579
4463,12,12,15,15,12-55,414,B-C,U,130,192,24,10,5,18,379,502,1,0,2,0,0,502
5217,2,2,17,17,2-57,631,B-C,R,81,142,14,6,2,0,245,588,1,0,2,0,1,588
715,3,5,3,3,5-18,1694,B-C,U,235,271,11,1,3,16,537,735,1,0,1,0,0,735
4502,12,13,15,15,13-5,474,B-C,U,146,198,22,6,4,19,395,614,1,0,2,0,0,614
5390,13,11,10,18,11-85,723,B-C,U,153,163,38,1,0,23,378,604,1,0,1,0,0,604
1208,6,3,4,4,3-75,1482,E,R,62,37,1,1,0,6,107,176,0,0,1,1,1,176
3933,8,8,14,13,8-68,2134,B-C,U,152,189,22,11,6,9,389,593,1,0,2,0,0,593
1955,6,3,7,7,3-57,1418,B-C,U,124,118,6,2,2,5,257,378,0,0,1,0,0,378
2020,11,6,21,7,6-38,1584,B-C,U,151,196,10,1,0,12,370,509,1,0,1,0,0,509
6638,14,14,22,22,14-76,658,B-C,R,142,216,92,9,0,26,485,705,0,0,2,0,1,705
891,5,5,7,3,5-40,1777,B-C,U,131,116,7,2,0,3,259,378,0,0,1,0,0,378
1000,6,3,4,4,3-20,1298,B-C,U,237,185,15,2,1,13,453,744,1,0,1,0,0,744
4509,12,13,15,15,13-6,477,B-C,U,147,152,18,9,0,14,340,597,1,0,2,0,0,597
5284,14,10,15,17,10-55,2757,B-C,R,114,70,10,1,0,7,202,414,0,0,2,0,1,414
6685,14,14,22,22,14-88,1229,B-C,R,57,131,47,4,1,31,271,542,1,0,2,0,1,542
1954,6,3,7,7,3-57,1417,B-C,U,122,128,4,1,2,1,258,403,0,0,1,0,0,403
663,3,5,3,3,5-6,1675,B-C,U,183,230,11,5,3,12,444,715,1,0,1,0,0,715
5701,13,13,19,19,13-52,1195,B-C,M,115,214,9,3,4,5,350,643,1,0,2,0,0,643
1014,3,3,3,4,3-12,1304,B-C,U,170,227,15,6,7,14,439,707,1,0,1,0,0,707
2563,2,2,9,9,2-5,156,B-C,U,171,159,13,6,3,21,373,713,1,0,2,0,0,713
4834,12,12,15,16,12-12,456,B-C,U,169,274,32,9,11,9,504,711,1,0,2,0,0,711
1479,5,5,6,5,5-43,1816,B-C,U,121,210,7,4,0,10,352,472,0,0,1,0,0,472
3364,15,9,12,11,9-71,1086,B-C,U,120,104,14,2,0,9,249,459,0,0,1,0,0,459
479,1,1,2,2,1-34,2575,B-C,R,68,124,20,50,5,54,321,506,0,0,2,0,1,506
700,3,5,3,3,5-16,1687,B-C,U,257,297,5,2,1,23,585,726,1,0,1,0,0,726
2865,7,7,10,10,7-8,2044,B-C,M,105,231,7,2,0,10,355,643,1,0,1,0,0,643
63,1,4,1,1,4-25,797,E,R,116,96,5,2,0,12,231,333,1,0,1,1,1,333
6708,14,14,22,22,14-94,1247,B-C,R,136,114,52,1,1,23,327,609,0,0,2,0,1,609
3537,9,4,11,12,4-89,951,B-C,U,159,239,20,10,5,15,448,628,1,0,1,0,0,628
3987,8,8,14,13,8-96,2185,B-C,U,165,187,23,4,4,16,399,741,1,0,2,0,0,741
3172,9,7,13,10,7-89,2717,B-C,M,150,134,8,3,0,8,303,662,1,0,1,0,0,662
3413,15,9,12,11,9-52,1106,B-C,U,175,109,5,1,3,9,302,605,1,0,1,0,0,605
6444,10,10,20,21,10-42,2341,B-C,R,61,149,2,1,0,8,221,425,0,0,2,0,1,425
2079,11,6,21,7,6-35,1634,B-C,U,203,226,18,3,4,7,461,749,0,1,1,0,0,749
2009,11,6,21,7,6-38,1563,B-C,U,194,230,15,4,2,11,456,471,0,0,1,0,0,471
4514,12,13,15,15,13-3,478,B-C,U,137,145,22,3,4,19,330,614,1,0,2,0,0,614
768,3,5,7,3,5-26,1719,B-C,U,195,234,6,5,2,10,452,704,1,0,1,0,0,704
1859,6,3,7,7,3-40,1346,B-C,U,134,160,5,4,2,4,309,513,1,0,1,0,0,513
339,2,2,2,2,2-69,2509,B-C,U,133,101,41,4,0,12,291,431,0,0,2,0,0,431
1029,6,3,4,4,3-24,1308,B-C,U,166,138,9,1,2,8,324,645,1,0,1,0,0,645
2049,11,6,21,7,6-33,1631,B-C,U,154,173,10,7,2,19,365,671,1,0,1,0,0,671
6103,10,10,20,20,10-79,2963,B-C,U,181,176,17,25,3,22,424,717,1,0,2,0,0,717
5447,7,11,18,18,11-45,1926,B-C,U,173,191,13,1,2,11,391,528,1,0,1,0,0,528
203,4,1,1,1,1-95,2396,B-C,R,126,96,6,0,1,10,239,381,0,0,1,0,1,381
4699,12,12,16,16,12-26,340,B-C,U,149,143,33,8,2,19,354,612,1,0,2,0,0,612
5672,13,13,19,19,13-44,1182,B-C,U,200,210,18,7,6,9,450,639,1,0,2,0,0,639
4030,8,8,14,13,8-100,2198,B-C,U,204,155,23,9,4,11,406,592,1,0,2,0,0,592
5146,14,14,9,17,14-70,322,B-C,M,151,107,23,16,0,23,320,517,1,0,2,0,0,517
5465,7,11,18,18,11-45,1932,B-C,U,227,139,4,7,0,9,386,613,1,0,1,0,0,613
2838,7,7,10,10,7-1,2036,B-C,U,98,248,5,3,1,6,361,666,0,1,1,0,0,666
2983,7,7,10,10,7-32,2448,B-C,U,102,248,1,0,0,6,357,534,1,0,1,0,0,534
5171,2,2,17,17,2-54,610,B-C,U,73,182,11,5,6,5,282,539,1,0,2,0,0,539
5773,13,13,19,19,13-67,2841,B-C,U,45,166,98,3,2,13,327,593,1,0,2,0,0,593
3291,15,9,12,11,9-59,1022,B-C,U,119,129,10,0,1,11,270,398,0,0,1,0,0,398
4255,8,8,14,14,8-49,2228,B-C,R,120,211,8,5,0,12,356,534,1,0,2,0,1,534
5487,7,11,18,18,11-36,1948,B-C,R,161,209,11,3,2,10,396,629,1,0,1,0,1,629
1914,6,3,7,7,3-52,1394,B-C,U,159,288,18,1,5,11,482,666,1,0,1,0,0,666
2178,11,6,6,7,6-3,1667,B-C,U,276,89,3,1,2,14,385,579,1,0,1,0,0,579
1787,11,6,21,6,6-47,1616,B-C,U,145,153,17,5,0,10,330,470,0,0,1,0,0,470
702,3,5,3,3,5-10,1688,B-C,U,111,189,7,2,2,5,316,461,0,0,1,0,0,461
2453,9,7,13,8,7-69,2681,B-C,U,157,217,10,4,4,21,413,676,1,0,1,0,0,676
1871,6,3,7,7,3-41,1366,B-C,U,136,171,2,2,1,6,318,585,1,0,1,0,0,585
765,3,5,7,3,5-23,1717,B-C,U,137,147,8,3,6,8,309,406,0,0,1,0,0,406
4756,12,12,16,16,12-29,373,B-C,U,132,134,22,2,6,9,305,517,1,0,2,0,0,517
4696,12,12,16,16,12-27,339,B-C,U,176,208,28,3,3,16,434,646,1,0,2,0,0,646
2126,11,6,6,7,6-18,1644,B-C,U,206,157,6,0,4,14,387,724,1,0,1,0,0,724
1542,5,6,6,5,6-80,1848,B-C,U,174,169,8,4,1,6,362,549,1,0,1,0,0,549
5819,13,13,19,19,13-78,2858,B-C,R,29,95,45,5,2,13,189,436,0,0,2,0,1,436
6518,14,14,22,22,14-14,82,B-C,U,75,129,34,11,2,17,268,518,1,0,2,0,0,518
6504,14,14,22,22,14-11,77,B-C,U,98,168,36,8,6,31,347,670,1,0,2,0,0,670
900,3,5,3,4,5-3,1262,B-C,U,178,141,3,1,0,13,336,576,1,0,1,0,0,576
2632,2,2,9,9,2-16,185,B-C,U,173,119,6,2,3,19,322,652,1,0,2,0,0,652
5611,7,11,18,18,11-27,2013,B-C,R,123,69,2,3,0,11,208,446,0,0,1,0,1,446
6312,10,10,20,21,10-18,2269,B-C,U,109,148,22,3,3,18,303,490,0,0,2,0,0,490
792,5,5,5,3,5-37,1731,B-C,U,163,182,8,1,0,5,359,539,1,0,1,0,0,539
6339,10,10,20,21,10-21,2283,B-C,U,59,129,16,2,0,11,217,431,0,0,2,0,0,431
4343,8,8,17,14,8-22,2638,B-C,R,154,159,38,6,5,8,370,716,1,0,2,0,1,716
2398,4,4,8,8,4-64,915,B-C,U,186,151,34,6,2,9,388,635,1,0,1,0,0,635
1018,3,3,3,4,3-12,1304,B-C,U,184,269,22,4,4,7,490,706,1,0,1,0,0,706
6238,10,13,19,21,13-31,687,B-C,U,114,136,29,3,0,8,290,530,1,0,2,0,0,530
5884,13,13,19,19,13-98,2880,E,R,25,102,31,3,2,11,174,385,1,0,2,1,1,385
6414,10,10,20,21,10-38,2326,B-C,U,100,194,12,3,0,15,324,615,1,0,2,0,0,615
336,2,2,2,2,2-74,2508,B-C,U,183,108,72,2,0,6,371,613,1,0,2,0,0,613
5513,7,11,18,18,11-6,1963,B-C,R,108,126,14,2,2,17,269,503,1,0,1,0,1,503
402,2,2,2,2,2-87,2538,B-C,R,142,95,37,2,1,16,293,487,0,0,2,0,1,487
2801,1,4,8,9,4-35,809,B-C,R,65,249,3,4,5,20,346,643,1,0,1,0,1,643
1860,3,3,7,7,3-48,1358,B-C,U,152,133,10,12,3,13,323,487,0,0,1,0,0,487
5170,2,2,17,17,2-54,610,B-C,U,87,188,10,0,3,8,296,539,1,0,2,0,0,539
3273,15,9,11,11,9-44,1008,B-C,U,122,160,6,5,4,8,305,518,1,0,1,0,0,518
921,3,3,3,4,3-4,1273,B-C,U,157,133,8,4,1,3,306,575,1,0,1,0,0,575
2006,11,6,21,7,6-40,1561,B-C,U,202,265,26,7,6,14,520,712,1,0,1,0,0,712
2450,9,7,13,8,7-72,2674,B-C,U,142,196,9,3,2,9,361,551,0,0,1,0,0,551
888,5,5,5,3,5-61,1775,B-C,U,184,219,8,3,1,4,419,601,1,0,1,0,0,601
6066,10,10,20,20,10-75,2813,B-C,R,181,152,14,1,1,14,363,691,1,0,2,0,1,691
267,4,1,1,1,1-82,2431,B-C,R,93,104,5,2,0,15,219,385,0,0,1,0,1,385
4014,8,8,14,13,8-98,2193,B-C,U,175,181,27,11,6,10,410,702,0,1,2,0,0,702
4132,8,8,14,14,8-80,2123,B-C,U,151,158,20,15,2,12,358,452,0,0,2,0,0,452
4503,12,13,15,15,13-7,475,B-C,U,159,161,14,8,7,13,362,656,1,0,2,0,0,656
3538,9,4,11,12,4-89,951,B-C,U,151,219,15,4,5,17,411,628,1,0,1,0,0,628
4979,12,12,15,16,12-83,561,B-C,R,136,157,20,6,1,6,326,351,0,0,2,0,1,351
1453,5,5,5,5,5-67,1803,B-C,U,136,175,10,1,2,10,334,555,1,0,1,0,0,555
5875,13,13,19,19,13-84,2877,B-C,R,64,164,70,1,3,19,321,531,1,0,2,0,1,531
6425,10,10,20,21,10-40,2331,B-C,U,73,207,16,1,1,12,310,515,1,0,2,0,0,515
4443,12,12,15,15,12-53,409,B-C,U,113,189,26,6,3,6,343,433,0,0,2,0,0,433
571,1,1,2,2,1-28,2891,B-C,M,218,264,52,1,1,6,542,736,1,0,2,0,0,736
1587,5,5,5,5,5-73,3015,E,U,109,79,5,1,1,3,198,391,1,0,1,1,0,391
3035,7,7,10,10,7-41,2471,B-C,U,143,282,6,2,0,9,442,743,1,0,1,0,0,743
4399,12,12,16,15,12-45,366,B-C,U,185,228,28,4,7,20,472,742,1,0,2,0,0,742
4314,8,8,17,14,8-27,2626,B-C,U,149,309,26,3,2,7,496,747,1,0,2,0,0,747
3865,13,11,18,13,11-74,27,B-C,R,192,274,10,2,5,11,494,664,1,0,1,0,1,664
390,2,2,2,2,2-73,2533,B-C,R,137,76,21,1,10,11,256,383,0,0,2,0,1,383
3705,15,9,12,12,9-81,1105,B-C,U,199,189,9,1,1,6,405,671,1,0,1,0,0,671
2437,9,7,13,8,7-65,2666,B-C,U,150,139,8,0,0,10,307,514,1,0,1,0,0,514
5712,13,13,19,19,13-53,1203,B-C,R,90,137,9,1,3,3,243,373,0,0,2,0,1,373
3427,9,9,11,11,9-1,1116,B-C,R,167,242,11,3,2,14,439,696,1,0,1,0,1,696
2607,2,2,9,9,2-18,173,B-C,U,134,179,16,9,4,21,363,609,1,0,2,0,0,609
6299,10,13,19,21,13-42,716,B-C,R,76,190,8,3,0,14,291,537,1,0,2,0,1,537
4115,8,8,14,14,8-78,2114,B-C,U,143,208,19,18,3,10,401,532,1,0,2,0,0,532
5373,7,11,10,18,11-95,604,B-C,R,143,122,11,9,0,20,305,540,1,0,1,0,1,540
5546,7,11,18,18,11-32,1977,B-C,R,167,146,20,9,1,15,358,571,1,0,1,0,1,571
1345,5,5,5,5,5-48,1483,B-C,U,183,182,8,0,0,11,384,623,1,0,1,0,0,623
5948,10,10,20,20,10-4,1876,B-C,U,80,162,19,0,5,15,281,414,0,0,2,0,0,414
4771,12,12,15,16,12-1,394,B-C,U,196,264,29,6,1,10,506,719,0,0,2,0,0,719
6232,10,13,19,21,13-29,685,B-C,U,139,173,21,8,4,13,358,585,1,0,2,0,0,585
3670,15,9,12,12,9-77,1059,B-C,U,208,171,18,3,3,10,413,708,0,1,1,0,0,708
4750,12,12,16,16,12-30,359,B-C,U,127,229,33,6,5,10,410,628,1,0,2,0,0,628
6704,14,14,22,22,14-93,1244,B-C,R,81,98,36,3,3,22,243,533,1,0,2,0,1,533
199,4,1,1,1,1-70,2394,B-C,R,138,196,9,1,0,4,348,479,0,0,1,0,1,479
2062,6,6,4,7,6-28,1632,B-C,NA,177,189,17,3,3,9,398,743,0,1,1,0,0,743
6405,10,10,20,21,10-35,2320,B-C,U,84,176,15,1,0,8,284,521,1,0,2,0,0,521
3698,15,9,12,12,9-79,1082,B-C,U,229,205,12,3,0,8,457,692,1,0,1,0,0,692
6420,10,10,20,21,10-38,2329,B-C,M,102,195,15,8,3,7,330,641,1,0,2,0,0,641
1599,5,5,5,5,5-73,3021,B-C,U,119,139,8,2,1,7,276,487,0,0,1,0,0,487
4218,8,8,14,14,8-41,2208,B-C,R,88,189,3,4,1,18,303,569,1,0,2,0,1,569
2412,9,7,13,8,7-61,2657,B-C,U,167,153,21,4,1,7,353,632,1,0,1,0,0,632
2139,11,6,6,7,6-19,1646,B-C,U,187,155,3,2,4,9,360,643,1,0,1,0,0,643
1390,5,6,6,5,6-11,1507,B-C,R,71,156,1,1,3,3,235,387,0,0,1,0,1,387
1653,5,6,6,6,6-66,1544,B-C,U,150,255,12,3,1,11,432,570,0,0,1,0,0,570
6356,10,10,20,21,10-25,2291,B-C,R,46,163,10,10,1,19,249,449,0,0,2,0,1,449
4269,8,8,17,14,8-35,2610,B-C,U,101,264,6,2,3,3,379,538,1,0,2,0,0,538
6211,10,13,19,21,13-26,676,B-C,U,168,205,23,6,0,9,411,668,1,0,2,0,0,668
6355,10,10,20,21,10-34,2290,B-C,R,105,122,11,7,3,17,265,518,1,0,2,0,1,518
6657,14,14,22,22,14-81,1210,B-C,R,114,153,66,4,3,25,365,653,1,0,2,0,1,653
4042,8,8,14,13,8-59,2234,B-C,U,101,213,8,2,6,10,340,666,1,0,2,0,0,666
1181,20,3,21,4,3-70,1392,B-C,NA,206,237,10,2,4,11,470,733,0,1,1,0,0,733
3587,9,4,12,12,4-92,980,B-C,U,211,133,13,5,0,11,373,744,0,1,1,0,0,744
2707,2,2,9,9,2-44,230,B-C,R,65,99,5,1,0,10,180,393,0,0,2,0,1,393
997,6,3,4,4,3-19,1297,B-C,U,206,169,12,3,4,0,394,733,1,0,1,0,0,733
577,1,1,2,2,1-23,2895,B-C,R,181,109,13,1,1,22,327,557,0,0,2,0,1,557
4465,12,12,15,15,12-54,415,B-C,U,156,224,20,7,4,16,427,589,1,0,2,0,0,589
5583,7,11,18,18,11-6,1996,B-C,R,65,143,50,23,3,24,308,702,1,0,1,0,1,702
5572,7,11,18,18,11-9,1990,B-C,U,116,157,20,2,0,12,307,595,1,0,1,0,0,595
1403,5,5,5,5,5-63,1782,B-C,U,153,187,7,2,2,8,359,599,1,0,1,0,0,599
6731,14,14,22,22,14-101,2735,B-C,M,86,120,7,1,3,12,229,380,0,0,2,0,0,380
1669,11,6,6,6,6-59,1554,B-C,U,192,196,4,4,3,17,416,608,1,0,1,0,0,608
6101,10,10,20,20,10-79,2962,B-C,U,127,148,13,28,3,25,344,557,1,0,2,0,0,557
6036,10,10,20,20,10-70,2802,B-C,U,131,167,14,1,2,8,323,505,1,0,2,0,0,505
2879,7,7,10,10,7-10,2048,B-C,R,107,219,2,3,0,7,338,569,1,0,1,0,1,569
5208,2,2,17,17,2-52,627,B-C,R,80,185,12,1,4,11,293,675,1,0,2,0,1,675
2609,2,2,9,9,2-18,173,B-C,U,137,175,21,7,6,14,360,609,1,0,2,0,0,609
3626,15,9,12,12,9-61,1005,B-C,U,123,134,2,2,5,19,285,434,0,0,1,0,0,434
4864,12,12,15,16,12-16,473,B-C,U,167,155,27,5,10,22,386,732,1,0,2,0,0,732
4688,12,12,16,16,12-31,338,B-C,U,141,205,28,10,8,13,405,616,1,0,2,0,0,616
2886,7,7,10,10,7-12,2051,B-C,R,158,182,5,2,1,9,357,515,1,0,1,0,1,515
6114,10,10,20,20,10-85,2969,B-C,R,88,106,6,8,1,14,223,489,0,0,2,0,1,489
6065,10,10,20,20,10-76,2812,E,R,76,37,2,2,0,0,117,233,0,0,2,1,1,233
2670,2,2,9,9,2-25,208,B-C,R,118,111,8,8,1,19,265,441,0,0,2,0,1,441
3322,15,9,12,11,9-70,1054,B-C,U,127,184,12,3,2,0,328,567,1,0,1,0,0,567
5056,14,14,22,17,14-51,281,B-C,R,82,90,5,6,100,18,301,637,0,0,2,0,1,637
767,3,5,7,3,5-21,1718,B-C,U,155,191,7,1,1,11,366,599,1,0,1,0,0,599
2988,7,7,10,10,7-33,2449,B-C,U,91,208,3,0,0,11,313,503,1,0,1,0,0,503
1359,5,5,5,5,5-51,1491,B-C,U,174,149,7,4,1,19,354,632,1,0,1,0,0,632
3030,7,7,10,10,7-41,2470,B-C,U,121,233,1,2,0,8,365,604,1,0,1,0,0,604
3740,9,4,11,12,4-100,1126,B-C,R,256,68,7,7,0,18,356,651,1,0,1,0,1,651
859,5,5,7,3,5-44,1761,B-C,U,138,138,3,3,0,9,291,423,0,0,1,0,0,423
2661,2,2,9,9,2-38,202,B-C,R,177,94,4,0,2,11,288,503,1,0,2,0,1,503
534,1,1,2,2,1-54,2600,B-C,R,84,165,13,9,2,29,302,569,1,0,2,0,1,569
2781,1,4,1,9,4-22,791,B-C,R,133,139,6,11,1,16,306,567,1,0,1,0,1,567
4366,12,12,16,15,12-41,347,B-C,NA,154,203,27,5,7,7,403,720,0,1,2,0,0,720
2350,4,4,8,8,4-74,897,B-C,R,169,122,25,2,1,13,332,527,1,0,1,0,1,527
2788,1,4,1,9,4-27,803,B-C,R,80,190,4,8,1,10,293,414,1,0,1,0,1,414
5736,13,13,19,19,13-59,2825,B-C,U,63,179,44,3,3,13,305,508,1,0,2,0,0,508
458,1,1,2,2,1-51,2560,B-C,U,159,124,14,6,8,11,322,583,1,0,2,0,0,583
4937,12,12,16,16,12-76,530,B-C,M,204,94,3,5,3,13,322,556,1,0,2,0,0,556
6058,10,10,20,20,10-73,2809,B-C,U,125,183,18,9,4,14,353,666,1,0,2,0,0,666
973,3,3,3,4,3-9,1286,B-C,U,218,215,8,4,2,7,454,619,1,0,1,0,0,619
3693,15,9,12,12,9-82,1080,B-C,U,262,118,13,1,2,10,406,692,1,0,1,0,0,692
1612,5,5,5,5,5-81,3028,B-C,U,151,96,5,0,0,4,256,491,0,0,1,0,0,491
5968,10,10,20,20,10-10,1885,B-C,U,128,259,52,7,14,0,460,730,1,0,2,0,0,730
3528,9,4,11,12,4-89,941,B-C,U,141,233,13,6,3,14,410,564,1,0,1,0,0,564
1883,3,3,7,7,3-45,1372,B-C,U,192,219,12,2,3,11,439,682,1,0,1,0,0,682
6655,14,14,22,22,14-80,1209,B-C,R,123,78,85,1,0,23,310,482,0,0,2,0,1,482
5271,14,10,15,17,10-52,2749,B-C,U,86,198,68,0,3,19,374,599,1,0,2,0,0,599
4599,12,13,15,15,13-16,541,B-C,R,69,252,14,3,0,9,347,570,1,0,2,0,1,570
2264,4,4,8,8,4-49,859,B-C,U,124,101,116,6,4,11,362,436,0,0,1,0,0,436
1993,6,6,7,7,6-56,1517,B-C,U,159,181,12,2,2,9,365,478,0,0,1,0,0,478
1920,6,3,7,7,3-51,1397,B-C,U,174,224,9,2,4,17,430,679,1,0,1,0,0,679
2233,4,4,8,8,4-49,844,B-C,U,152,97,28,11,3,21,312,477,0,0,1,0,0,477
6620,14,14,22,22,14-35,138,B-C,U,43,130,65,0,1,22,261,619,1,0,2,0,0,619
5322,7,11,10,18,11-99,569,B-C,U,188,228,11,4,0,14,445,691,0,0,1,0,0,691
5685,13,13,19,19,13-48,1188,B-C,U,150,171,16,4,5,3,349,570,1,0,2,0,0,570
3788,15,9,12,12,9-17,1167,B-C,M,171,141,6,0,0,15,333,566,1,0,1,0,0,566
5278,14,10,15,17,10-51,2752,B-C,U,83,196,34,1,2,12,328,548,1,0,2,0,0,548
1161,6,3,4,4,3-55,1390,B-C,U,173,151,6,2,0,11,343,632,1,0,1,0,0,632
5785,13,13,19,19,13-69,2844,B-C,U,29,181,101,7,6,11,335,588,1,0,2,0,0,588
379,2,2,2,2,2-81,2528,B-C,M,103,105,89,3,1,10,311,545,1,0,2,0,0,545
2431,9,7,13,8,7-64,2664,B-C,U,124,160,14,3,4,9,314,651,1,0,1,0,0,651
2979,7,7,10,10,7-58,2446,B-C,R,64,153,8,5,0,14,244,407,0,0,1,0,1,407
4419,12,12,15,15,12-47,380,B-C,U,116,133,14,1,6,8,278,413,0,0,2,0,0,413
3512,9,9,11,12,9-24,930,B-C,U,178,134,14,5,4,20,355,692,1,0,1,0,0,692
2573,2,2,9,9,2-17,158,B-C,U,134,132,3,4,1,14,288,530,1,0,2,0,0,530
5386,13,11,10,18,11-88,721,B-C,U,172,144,66,3,0,8,393,630,0,0,1,0,0,630
1753,11,6,6,6,6-73,1606,B-C,U,178,137,11,0,0,1,327,524,1,0,1,0,0,524
4718,12,12,16,16,12-22,343,B-C,U,189,213,25,11,5,4,447,745,0,1,2,0,0,745
5539,7,11,18,18,11-11,1974,B-C,M,109,121,28,7,0,15,280,606,1,0,1,0,0,606
3617,15,4,12,12,4-94,1000,B-C,U,188,182,16,2,5,8,401,733,1,0,1,0,0,733
1805,11,6,6,6,6-71,1628,B-C,U,172,129,4,1,1,8,315,540,1,0,1,0,0,540
5610,7,11,18,18,11-29,2012,B-C,U,142,89,2,0,0,11,244,450,0,0,1,0,0,450
3234,15,9,11,11,9-34,958,B-C,U,195,133,13,4,3,16,364,717,1,0,1,0,0,717
5515,7,11,18,18,11-19,1964,B-C,U,130,172,3,0,0,11,316,560,1,0,1,0,0,560
2968,13,7,13,10,7-30,2101,B-C,R,38,60,65,0,3,28,194,377,0,0,1,0,1,377
4800,12,12,16,16,12-19,423,B-C,U,93,89,11,2,3,12,210,376,0,0,2,0,0,376
1841,11,6,6,6,6-17,1658,B-C,R,211,154,5,2,2,12,386,672,1,0,1,0,1,672
1261,3,3,4,4,3-85,1500,B-C,NA,154,148,6,2,2,11,323,721,0,1,1,0,0,721
4262,8,8,14,14,8-88,2240,B-C,R,155,160,8,9,4,11,347,486,0,0,2,0,1,486
2189,11,6,6,7,6-1,1671,B-C,M,172,109,3,2,1,11,298,580,1,0,1,0,0,580
3002,7,7,10,10,7-35,2456,B-C,U,124,196,4,3,0,9,336,470,0,0,1,0,0,470
1627,6,6,7,6,6-61,1525,B-C,U,149,105,4,4,1,6,269,400,0,0,1,0,0,400
4266,8,8,17,14,8-26,2609,B-C,U,91,212,10,1,2,9,325,539,1,0,2,0,0,539
102,4,1,1,1,1-102,1908,B-C,U,46,237,124,1,0,22,430,724,0,0,1,0,0,724
4683,12,12,16,16,12-38,336,B-C,U,158,246,27,8,4,9,452,728,0,1,2,0,0,728
4743,12,12,16,16,12-21,356,B-C,U,172,180,14,8,5,10,389,652,1,0,2,0,0,652
4411,12,12,16,15,12-33,371,B-C,U,157,195,19,6,6,13,396,729,1,0,2,0,0,729
1339,3,5,3,5,5-86,1477,B-C,M,185,169,7,2,4,10,377,734,0,1,1,0,0,734
5443,7,11,18,18,11-44,1923,B-C,U,160,172,6,2,0,19,359,611,1,0,1,0,0,611
1966,6,3,21,7,3-65,1436,B-C,U,171,126,7,4,3,7,318,535,1,0,1,0,0,535
2925,13,7,13,10,7-17,2070,B-C,M,152,171,54,1,2,15,395,663,1,0,1,0,0,663
5941,10,10,20,20,10-7,1873,B-C,U,56,164,25,6,2,66,319,664,1,0,2,0,0,664
5152,14,14,9,17,14-71,325,B-C,R,94,96,10,0,0,6,206,388,0,0,2,0,1,388
5222,2,2,17,17,2-51,633,B-C,R,193,89,9,5,1,20,317,583,1,0,2,0,1,583
5049,14,14,22,17,14-50,276,B-C,R,94,69,10,4,62,16,255,438,0,0,2,0,1,438
2337,4,4,8,8,4-73,890,B-C,R,151,105,9,3,2,9,279,450,1,0,1,0,1,450
3455,9,9,11,11,9-9,1150,B-C,U,143,249,10,6,0,4,412,569,1,0,1,0,0,569
3010,7,7,10,10,7-36,2460,B-C,U,98,205,4,0,0,6,313,466,0,0,1,0,0,466
1184,20,3,21,4,3-67,1392,B-C,NA,179,128,17,4,6,17,351,734,0,1,1,0,0,734
4524,12,13,15,15,13-7,484,B-C,U,107,112,16,4,2,10,251,451,0,0,2,0,0,451
5264,14,10,15,17,10-50,2746,B-C,M,102,141,20,4,2,16,285,555,1,0,2,0,0,555
3482,15,9,11,11,9-22,1164,B-C,R,130,187,10,2,0,7,336,609,1,0,1,0,1,609
1136,3,3,7,4,3-35,1353,B-C,U,156,223,6,2,0,14,401,616,1,0,1,0,0,616
4928,2,12,16,16,12-72,522,B-C,U,108,115,22,7,1,10,263,448,0,0,2,0,0,448
3411,15,9,12,11,9-52,1106,B-C,U,203,94,6,3,2,6,314,605,1,0,1,0,0,605
5287,14,10,15,17,10-54,2759,E,R,130,65,12,1,3,7,218,390,0,0,2,1,1,390
5014,14,14,22,17,14-42,257,B-C,U,78,105,7,11,102,18,321,508,1,0,2,0,0,508
4886,2,12,16,16,12-65,500,B-C,U,125,248,7,2,2,5,389,649,1,0,2,0,0,649
228,4,1,1,1,1-74,2409,B-C,M,128,118,7,1,1,10,265,550,1,0,1,0,0,550
4292,8,8,17,14,8-30,2620,B-C,U,164,265,12,9,2,5,457,649,1,0,2,0,0,649
1971,6,3,21,7,3-64,1438,B-C,U,140,161,11,4,0,8,324,518,1,0,1,0,0,518
1456,5,5,7,5,5-43,1805,B-C,U,133,158,3,0,4,9,307,415,0,0,1,0,0,415
877,5,5,5,3,5-63,1770,B-C,U,154,143,8,3,0,4,312,539,1,0,1,0,0,539
4610,8,8,17,15,8-18,2908,B-C,M,118,307,18,16,2,13,474,707,1,0,2,0,0,707
164,4,1,1,1,1-87,2379,B-C,U,186,132,7,2,5,20,352,579,1,0,1,0,0,579
867,5,5,5,3,5-58,1765,B-C,U,164,232,4,2,2,8,412,674,1,0,1,0,0,674
2333,4,4,8,8,4-70,888,B-C,R,71,244,2,4,0,13,334,616,1,0,1,0,1,616
6691,14,14,22,22,14-89,1234,B-C,R,56,65,44,2,2,14,183,483,0,0,2,0,1,483
6537,14,14,22,22,14-16,92,B-C,R,29,46,36,1,1,11,124,278,0,0,2,0,1,278
5135,14,14,9,17,14-66,316,B-C,R,168,94,10,1,2,12,287,545,1,0,2,0,1,545
6567,14,14,22,22,14-23,108,B-C,M,23,71,25,2,3,11,135,454,0,0,2,0,0,454
4181,8,8,14,14,8-87,2162,B-C,U,138,111,12,2,8,15,286,520,1,0,2,0,0,520
3544,15,9,11,12,9-40,962,B-C,U,97,187,2,0,1,4,291,381,0,0,1,0,0,381
3799,15,9,12,12,9-76,1176,B-C,U,133,139,5,2,1,8,288,601,1,0,1,0,0,601
4164,8,8,14,14,8-84,2147,B-C,U,127,105,19,15,7,8,281,410,0,0,2,0,0,410
1992,6,6,7,7,6-56,1516,B-C,U,131,213,11,2,1,5,363,462,0,0,1,0,0,462
5542,7,11,18,18,11-12,1976,B-C,M,178,192,23,2,1,12,408,607,1,0,1,0,0,607
2474,9,7,13,8,7-77,2690,B-C,R,100,77,6,6,0,7,196,674,1,0,1,0,1,674
1310,6,6,7,5,6-63,1455,B-C,U,113,112,17,3,3,5,253,369,0,0,1,0,0,369
6168,10,10,20,20,10-99,3000,B-C,M,118,203,14,2,0,17,354,743,1,0,2,0,0,743
1982,6,3,21,7,3-63,1450,B-C,U,212,244,15,4,3,6,484,738,1,0,1,0,0,738
3951,8,8,14,13,8-84,2173,B-C,U,179,174,18,27,4,18,420,569,0,0,2,0,0,569
1384,5,6,6,5,6-86,1501,B-C,U,222,142,5,0,1,19,389,722,1,0,1,0,0,722
1734,11,6,6,6,6-73,1597,B-C,U,210,179,7,2,1,14,413,666,0,0,1,0,0,666
2809,1,4,8,9,4-37,813,B-C,R,99,70,5,3,1,20,198,428,1,0,1,0,1,428
5774,13,13,19,19,13-67,2841,B-C,U,47,151,94,3,5,30,330,593,1,0,2,0,0,593
1088,3,3,7,4,3-32,1331,B-C,U,183,190,8,2,5,11,399,629,1,0,1,0,0,629
5585,7,11,18,18,11-30,1998,B-C,R,201,127,10,1,0,16,355,594,1,0,1,0,1,594
2260,4,4,8,8,4-57,857,B-C,U,259,144,31,8,7,16,465,703,1,0,1,0,0,703
1809,11,6,6,6,6-53,1636,B-C,U,122,125,3,2,2,4,258,485,0,0,1,0,0,485
5069,14,14,9,17,14-57,289,B-C,U,172,254,28,10,4,20,488,738,1,0,2,0,0,738
5477,7,11,18,18,11-48,1942,B-C,R,215,251,4,3,0,22,495,741,0,0,1,0,1,741
6372,10,10,20,21,10-29,2302,B-C,R,94,127,8,5,0,17,251,386,0,0,2,0,1,386
5780,13,13,19,19,13-68,2843,B-C,U,30,191,64,2,3,2,292,584,1,0,2,0,0,584
2066,6,6,4,7,6-29,1632,B-C,NA,194,214,7,5,3,7,430,743,0,1,1,0,0,743
4190,8,8,14,14,8-87,2169,B-C,U,150,116,14,3,6,11,300,537,1,0,2,0,0,537
1397,5,5,7,5,5-58,1779,B-C,U,154,158,6,4,3,16,341,509,1,0,1,0,0,509
2853,7,7,10,10,7-5,2041,B-C,U,179,312,3,4,1,9,508,690,1,0,1,0,0,690
4540,12,13,15,15,13-13,491,B-C,U,134,158,13,2,4,10,321,580,1,0,2,0,0,580
3637,15,4,12,12,4-97,1026,B-C,U,178,116,14,8,2,12,330,591,1,0,1,0,0,591
1291,6,3,4,4,3-90,1510,B-C,R,244,137,5,4,1,0,391,715,1,0,1,0,1,715
492,1,1,2,2,1-53,2583,B-C,R,84,161,16,4,3,13,281,539,1,0,2,0,1,539
6320,10,10,20,21,10-23,2273,B-C,U,120,212,43,0,0,10,385,662,1,0,2,0,0,662
4281,8,8,17,14,8-25,2614,B-C,U,154,243,16,4,2,10,429,636,1,0,2,0,0,636
6574,14,14,22,22,14-25,112,B-C,R,48,119,60,16,9,39,291,710,0,0,2,0,1,710
4087,8,8,14,13,8-57,2257,B-C,R,77,186,25,1,2,11,302,508,1,0,2,0,1,508
2628,2,2,9,9,2-30,183,B-C,R,124,121,4,1,0,21,271,564,1,0,2,0,1,564
6538,14,14,22,22,14-25,92,E,R,14,100,21,2,0,12,149,321,0,0,2,1,1,321
4429,12,12,15,15,12-49,385,B-C,U,112,207,23,10,4,16,372,505,1,0,2,0,0,505
3111,7,7,10,10,7-54,2500,B-C,R,38,146,2,3,0,1,190,382,0,0,1,0,1,382
2345,4,4,8,8,4-76,895,B-C,R,143,134,15,1,0,0,293,514,1,0,1,0,1,514
27,1,4,1,1,4-15,777,B-C,R,78,136,3,2,2,20,241,573,1,0,1,0,1,573
4026,8,8,14,13,8-99,2197,B-C,U,134,233,13,3,5,13,401,693,1,0,2,0,0,693
5814,13,13,19,19,13-76,2855,B-C,R,26,198,75,2,0,17,318,512,1,0,2,0,1,512
3287,15,9,12,11,9-59,1020,B-C,U,159,169,20,5,4,21,378,641,0,0,1,0,0,641
2295,4,4,8,8,4-62,875,B-C,U,160,227,20,4,5,16,432,712,1,0,1,0,0,712
2823,1,4,8,9,4-38,821,B-C,M,167,164,8,6,4,27,376,668,1,0,1,0,0,668
